INSERT INTO dbo.product (Id, Name, Brand, Size) VALUES (1,  'T-Shirt', 'Sarenza', 'M');
INSERT INTO dbo.product (Id, Name, Brand, Size) VALUES (2,  'Polo', 'Sarenza', 'M');
INSERT INTO dbo.product (Id, Name, Brand, Size) VALUES (3,  'Jeans', 'Sarenza', 'M');
INSERT INTO dbo.product (Id, Name, Brand, Size) VALUES (4,  'Sweat', 'Sarenza', 'M');
INSERT INTO dbo.product (Id, Name, Brand, Size) VALUES (5,  'Chemise', 'Sarenza', 'M');
INSERT INTO dbo.product (Id, Name, Brand, Size) VALUES (6,  'Pantalon', 'Sarenza', 'M');
INSERT INTO dbo.product (Id, Name, Brand, Size) VALUES (7,  'Veste', 'Sarenza', 'M');
INSERT INTO dbo.product (Id, Name, Brand, Size) VALUES (8,  'Manteau', 'Sarenza', 'M');
INSERT INTO dbo.product (Id, Name, Brand, Size) VALUES (9,  'Pull', 'Sarenza', 'M');
INSERT INTO dbo.product (Id, Name, Brand, Size) VALUES (10, 'Gilet', 'Sarenza', 'M');
INSERT INTO dbo.product (Id, Name, Brand, Size) VALUES (11, 'Short', 'Sarenza', 'M');
INSERT INTO dbo.product (Id, Name, Brand, Size) VALUES (12, 'Bermuda', 'Sarenza', 'M');
INSERT INTO dbo.product (Id, Name, Brand, Size) VALUES (13, 'Sous-vetement', 'Sarenza', 'M');
INSERT INTO dbo.product (Id, Name, Brand, Size) VALUES (14, 'Slip', 'Sarenza', 'M');
INSERT INTO dbo.product (Id, Name, Brand, Size) VALUES (15, 'Debardeur', 'Sarenza', 'M');
INSERT INTO dbo.product (Id, Name, Brand, Size) VALUES (16, 'Top', 'Sarenza', 'M');
INSERT INTO dbo.product (Id, Name, Brand, Size) VALUES (17, 'Robe', 'Sarenza', 'M');
INSERT INTO dbo.product (Id, Name, Brand, Size) VALUES (18, 'Jupe', 'Sarenza', 'M');
INSERT INTO dbo.product (Id, Name, Brand, Size) VALUES (19, 'Salopette', 'Sarenza', 'M');

INSERT INTO dbo.product (Id, Name, Brand, Size) VALUES (20, 'T-Shirt', 'Zara', 'M');
INSERT INTO dbo.product (Id, Name, Brand, Size) VALUES (21, 'Polo', 'Zara', 'M');
INSERT INTO dbo.product (Id, Name, Brand, Size) VALUES (22, 'Jeans', 'Zara', 'M');
INSERT INTO dbo.product (Id, Name, Brand, Size) VALUES (23, 'Sweat', 'Zara', 'M');
INSERT INTO dbo.product (Id, Name, Brand, Size) VALUES (24, 'Chemise', 'Zara', 'M');
INSERT INTO dbo.product (Id, Name, Brand, Size) VALUES (25, 'Pantalon', 'Zara', 'M');
INSERT INTO dbo.product (Id, Name, Brand, Size) VALUES (26, 'Veste', 'Zara', 'M');
INSERT INTO dbo.product (Id, Name, Brand, Size) VALUES (27, 'Manteau', 'Zara', 'M');
INSERT INTO dbo.product (Id, Name, Brand, Size) VALUES (28, 'Pull', 'Zara', 'M');
INSERT INTO dbo.product (Id, Name, Brand, Size) VALUES (29, 'Gilet', 'Zara', 'M');
INSERT INTO dbo.product (Id, Name, Brand, Size) VALUES (30, 'Short', 'Zara', 'M');
INSERT INTO dbo.product (Id, Name, Brand, Size) VALUES (31, 'Bermuda', 'Zara', 'M');
INSERT INTO dbo.product (Id, Name, Brand, Size) VALUES (32, 'Sous-vetement', 'Zara', 'M');
INSERT INTO dbo.product (Id, Name, Brand, Size) VALUES (33, 'Slip', 'Zara', 'M');
INSERT INTO dbo.product (Id, Name, Brand, Size) VALUES (34, 'Debardeur', 'Zara', 'M');
INSERT INTO dbo.product (Id, Name, Brand, Size) VALUES (35, 'Top', 'Zara', 'M');
INSERT INTO dbo.product (Id, Name, Brand, Size) VALUES (36, 'Robe', 'Zara', 'M');
INSERT INTO dbo.product (Id, Name, Brand, Size) VALUES (37, 'Jupe', 'Zara', 'M');
INSERT INTO dbo.product (Id, Name, Brand, Size) VALUES (38, 'Salopette', 'Zara', 'M');

INSERT INTO dbo.product (Id, Name, Brand, Size) VALUES (40, 'T-Shirt', 'Kiabi', 'M');
INSERT INTO dbo.product (Id, Name, Brand, Size) VALUES (41, 'Polo', 'Kiabi', 'M');
INSERT INTO dbo.product (Id, Name, Brand, Size) VALUES (42, 'Jeans', 'Kiabi', 'M');
INSERT INTO dbo.product (Id, Name, Brand, Size) VALUES (43, 'Sweat', 'Kiabi', 'M');
INSERT INTO dbo.product (Id, Name, Brand, Size) VALUES (44, 'Chemise', 'Kiabi', 'M');
INSERT INTO dbo.product (Id, Name, Brand, Size) VALUES (45, 'Pantalon', 'Kiabi', 'M');
INSERT INTO dbo.product (Id, Name, Brand, Size) VALUES (46, 'Veste', 'Kiabi', 'M');
INSERT INTO dbo.product (Id, Name, Brand, Size) VALUES (47, 'Manteau', 'Kiabi', 'M');
INSERT INTO dbo.product (Id, Name, Brand, Size) VALUES (48, 'Pull', 'Kiabi', 'M');
INSERT INTO dbo.product (Id, Name, Brand, Size) VALUES (49, 'Gilet', 'Kiabi', 'M');
INSERT INTO dbo.product (Id, Name, Brand, Size) VALUES (50, 'Short', 'Kiabi', 'M');
INSERT INTO dbo.product (Id, Name, Brand, Size) VALUES (51, 'Bermuda', 'Kiabi', 'M');
INSERT INTO dbo.product (Id, Name, Brand, Size) VALUES (52, 'Sous-vetement', 'Kiabi', 'M');
INSERT INTO dbo.product (Id, Name, Brand, Size) VALUES (53, 'Slip', 'Kiabi', 'M');
INSERT INTO dbo.product (Id, Name, Brand, Size) VALUES (54, 'Debardeur', 'Kiabi', 'M');
INSERT INTO dbo.product (Id, Name, Brand, Size) VALUES (55, 'Top', 'Kiabi', 'M');
INSERT INTO dbo.product (Id, Name, Brand, Size) VALUES (56, 'Robe', 'Kiabi', 'M');
INSERT INTO dbo.product (Id, Name, Brand, Size) VALUES (57, 'Jupe', 'Kiabi', 'M');
INSERT INTO dbo.product (Id, Name, Brand, Size) VALUES (58, 'Salopette', 'Kiabi', 'M');


INSERT INTO dbo.price (ProductId, Amount) VALUES (1, 19.99);
INSERT INTO dbo.price (ProductId, Amount) VALUES (2, 19.99);
INSERT INTO dbo.price (ProductId, Amount) VALUES (3, 19.99);
INSERT INTO dbo.price (ProductId, Amount) VALUES (4, 19.99);
INSERT INTO dbo.price (ProductId, Amount) VALUES (5, 19.99);
INSERT INTO dbo.price (ProductId, Amount) VALUES (6, 19.99);
INSERT INTO dbo.price (ProductId, Amount) VALUES (7, 19.99);
INSERT INTO dbo.price (ProductId, Amount) VALUES (8, 19.99);
INSERT INTO dbo.price (ProductId, Amount) VALUES (9, 19.99);
INSERT INTO dbo.price (ProductId, Amount) VALUES (10, 19.99);
INSERT INTO dbo.price (ProductId, Amount) VALUES (11, 19.99);
INSERT INTO dbo.price (ProductId, Amount) VALUES (12, 19.99);
INSERT INTO dbo.price (ProductId, Amount) VALUES (13, 19.99);
INSERT INTO dbo.price (ProductId, Amount) VALUES (14, 19.99);
INSERT INTO dbo.price (ProductId, Amount) VALUES (15, 19.99);
INSERT INTO dbo.price (ProductId, Amount) VALUES (16, 19.99);
INSERT INTO dbo.price (ProductId, Amount) VALUES (17, 19.99);
INSERT INTO dbo.price (ProductId, Amount) VALUES (18, 19.99);
INSERT INTO dbo.price (ProductId, Amount) VALUES (19, 19.99);

INSERT INTO dbo.price (ProductId, Amount) VALUES (20, 19.99);
INSERT INTO dbo.price (ProductId, Amount) VALUES (21, 19.99);
INSERT INTO dbo.price (ProductId, Amount) VALUES (22, 19.99);
INSERT INTO dbo.price (ProductId, Amount) VALUES (23, 19.99);
INSERT INTO dbo.price (ProductId, Amount) VALUES (24, 19.99);
INSERT INTO dbo.price (ProductId, Amount) VALUES (25, 19.99);
INSERT INTO dbo.price (ProductId, Amount) VALUES (26, 19.99);
INSERT INTO dbo.price (ProductId, Amount) VALUES (27, 19.99);
INSERT INTO dbo.price (ProductId, Amount) VALUES (28, 19.99);
INSERT INTO dbo.price (ProductId, Amount) VALUES (29, 19.99);
INSERT INTO dbo.price (ProductId, Amount) VALUES (30, 19.99);
INSERT INTO dbo.price (ProductId, Amount) VALUES (31, 19.99);
INSERT INTO dbo.price (ProductId, Amount) VALUES (32, 19.99);
INSERT INTO dbo.price (ProductId, Amount) VALUES (33, 19.99);
INSERT INTO dbo.price (ProductId, Amount) VALUES (34, 19.99);
INSERT INTO dbo.price (ProductId, Amount) VALUES (35, 19.99);
INSERT INTO dbo.price (ProductId, Amount) VALUES (36, 19.99);
INSERT INTO dbo.price (ProductId, Amount) VALUES (37, 19.99);
INSERT INTO dbo.price (ProductId, Amount) VALUES (38, 19.99);

INSERT INTO dbo.price (ProductId, Amount) VALUES (40, 19.99);
INSERT INTO dbo.price (ProductId, Amount) VALUES (41, 19.99);
INSERT INTO dbo.price (ProductId, Amount) VALUES (42, 19.99);
INSERT INTO dbo.price (ProductId, Amount) VALUES (43, 19.99);
INSERT INTO dbo.price (ProductId, Amount) VALUES (44, 19.99);
INSERT INTO dbo.price (ProductId, Amount) VALUES (45, 19.99);
INSERT INTO dbo.price (ProductId, Amount) VALUES (46, 19.99);
INSERT INTO dbo.price (ProductId, Amount) VALUES (47, 19.99);
INSERT INTO dbo.price (ProductId, Amount) VALUES (48, 19.99);
INSERT INTO dbo.price (ProductId, Amount) VALUES (49, 19.99);
INSERT INTO dbo.price (ProductId, Amount) VALUES (50, 19.99);
INSERT INTO dbo.price (ProductId, Amount) VALUES (51, 19.99);
INSERT INTO dbo.price (ProductId, Amount) VALUES (52, 19.99);
INSERT INTO dbo.price (ProductId, Amount) VALUES (53, 19.99);
INSERT INTO dbo.price (ProductId, Amount) VALUES (54, 19.99);
INSERT INTO dbo.price (ProductId, Amount) VALUES (55, 19.99);
INSERT INTO dbo.price (ProductId, Amount) VALUES (56, 19.99);
INSERT INTO dbo.price (ProductId, Amount) VALUES (57, 19.99);
INSERT INTO dbo.price (ProductId, Amount) VALUES (58, 19.99);


INSERT INTO dbo.stock (ProductId, Amount) VALUES (1, 10);
INSERT INTO dbo.stock (ProductId, Amount) VALUES (2, 10);
INSERT INTO dbo.stock (ProductId, Amount) VALUES (3, 10);
INSERT INTO dbo.stock (ProductId, Amount) VALUES (4, 10);
INSERT INTO dbo.stock (ProductId, Amount) VALUES (5, 10);
INSERT INTO dbo.stock (ProductId, Amount) VALUES (6, 10);
INSERT INTO dbo.stock (ProductId, Amount) VALUES (7, 10);
INSERT INTO dbo.stock (ProductId, Amount) VALUES (8, 10);
INSERT INTO dbo.stock (ProductId, Amount) VALUES (9, 10);
INSERT INTO dbo.stock (ProductId, Amount) VALUES (10, 9);
INSERT INTO dbo.stock (ProductId, Amount) VALUES (11, 9);
INSERT INTO dbo.stock (ProductId, Amount) VALUES (12, 9);
INSERT INTO dbo.stock (ProductId, Amount) VALUES (13, 9);
INSERT INTO dbo.stock (ProductId, Amount) VALUES (14, 9);
INSERT INTO dbo.stock (ProductId, Amount) VALUES (15, 9);
INSERT INTO dbo.stock (ProductId, Amount) VALUES (16, 9);
INSERT INTO dbo.stock (ProductId, Amount) VALUES (17, 9);
INSERT INTO dbo.stock (ProductId, Amount) VALUES (18, 9);
INSERT INTO dbo.stock (ProductId, Amount) VALUES (19, 9);

INSERT INTO dbo.stock (ProductId, Amount) VALUES (20, 8);
INSERT INTO dbo.stock (ProductId, Amount) VALUES (21, 8);
INSERT INTO dbo.stock (ProductId, Amount) VALUES (22, 8);
INSERT INTO dbo.stock (ProductId, Amount) VALUES (23, 8);
INSERT INTO dbo.stock (ProductId, Amount) VALUES (24, 8);
INSERT INTO dbo.stock (ProductId, Amount) VALUES (25, 8);
INSERT INTO dbo.stock (ProductId, Amount) VALUES (26, 8);
INSERT INTO dbo.stock (ProductId, Amount) VALUES (27, 8);
INSERT INTO dbo.stock (ProductId, Amount) VALUES (28, 8);
INSERT INTO dbo.stock (ProductId, Amount) VALUES (29, 8);
INSERT INTO dbo.stock (ProductId, Amount) VALUES (30, 8);
INSERT INTO dbo.stock (ProductId, Amount) VALUES (31, 7);
INSERT INTO dbo.stock (ProductId, Amount) VALUES (32, 7);
INSERT INTO dbo.stock (ProductId, Amount) VALUES (33, 7);
INSERT INTO dbo.stock (ProductId, Amount) VALUES (34, 7);
INSERT INTO dbo.stock (ProductId, Amount) VALUES (35, 7);
INSERT INTO dbo.stock (ProductId, Amount) VALUES (36, 7);
INSERT INTO dbo.stock (ProductId, Amount) VALUES (37, 7);
INSERT INTO dbo.stock (ProductId, Amount) VALUES (38, 7);

INSERT INTO dbo.stock (ProductId, Amount) VALUES (40, 6);
INSERT INTO dbo.stock (ProductId, Amount) VALUES (41, 6);
INSERT INTO dbo.stock (ProductId, Amount) VALUES (42, 6);
INSERT INTO dbo.stock (ProductId, Amount) VALUES (43, 6);
INSERT INTO dbo.stock (ProductId, Amount) VALUES (44, 6);
INSERT INTO dbo.stock (ProductId, Amount) VALUES (45, 6);
INSERT INTO dbo.stock (ProductId, Amount) VALUES (46, 6);
INSERT INTO dbo.stock (ProductId, Amount) VALUES (47, 6);
INSERT INTO dbo.stock (ProductId, Amount) VALUES (48, 6);
INSERT INTO dbo.stock (ProductId, Amount) VALUES (49, 6);
INSERT INTO dbo.stock (ProductId, Amount) VALUES (50, 6);
INSERT INTO dbo.stock (ProductId, Amount) VALUES (51, 5);
INSERT INTO dbo.stock (ProductId, Amount) VALUES (52, 5);
INSERT INTO dbo.stock (ProductId, Amount) VALUES (53, 5);
INSERT INTO dbo.stock (ProductId, Amount) VALUES (54, 5);
INSERT INTO dbo.stock (ProductId, Amount) VALUES (55, 5);
INSERT INTO dbo.stock (ProductId, Amount) VALUES (56, 5);
INSERT INTO dbo.stock (ProductId, Amount) VALUES (57, 5);
INSERT INTO dbo.stock (ProductId, Amount) VALUES (58, 5);
